{
  "status": {
    "code": 200,
    "message": "Data loaded",
    "error_details": []
  },
  "content": [
    {
      "id": "2",
      "name": "About Us",
      "description": "About us desc",
      "image": "uploads/7b9b30dd-0bef-438d-b4c6-4b4a62abc6c5.jpg",
      "content": "&lt;p&gt;Tanks company is a company that sells tanks and other related services online.&lt;/p&gt;",
      "created_at": "1508163961",
      "duration": "2 days 7 hours ",
      "langs": [],
      "module_id": "2",
      "active": "1",
      "visit_num": "0",
      "order": "0",
      "link_share": "http://robo-apps.comnews.php?ID=14",
      "sub": [],
      "parameter_filter": [],
      "more": [],
      "media": []
    }
  ]
}