{
  "status": {
    "code": 200,
    "message": "Success",
    "error_details": []
  },
  "data": [
    {
      "id": "7",
      "name": "اعلان خزان",
      "description": null,
      "image": "http://penta-test.com/tanks_project/uploads/amodule/d90d3904932b14d3a5917d18c1108a0e-advertise-with-us-header-640.png",
      "duration": "",
      "content": "",
      "created_at": "",
      "visit_num": "",
      "order": "",
      "link_share": "",
      "more": [
        {
          "key": "keyvalue",
          "group_name": "",
          "value": [
            {
              "id": "",
              "paramter": "link",
              "value": "https://www.youtube.com/watch?v=ejvpVhvKesM",
              "dkv_id": "",
              "setting_id": ""
            },
            {
              "id": "",
              "paramter": "startdate",
              "value": "10/01/2017",
              "dkv_id": "",
              "setting_id": ""
            },
            {
              "id": "",
              "paramter": "enddate",
              "value": null,
              "dkv_id": "",
              "setting_id": ""
            },
            {
              "id": "",
              "paramter": "thumbnail",
              "value": null,
              "dkv_id": "",
              "setting_id": ""
            },
            {
              "id": "",
              "paramter": "is_video",
              "value": "0",
              "dkv_id": "",
              "setting_id": ""
            },
            {
              "id": "",
              "paramter": "height",
              "value": null,
              "dkv_id": "",
              "setting_id": ""
            },
            {
              "id": "",
              "paramter": "width",
              "value": null,
              "dkv_id": "",
              "setting_id": ""
            }
          ]
        }
      ],
      "media": []
    },
    {
      "id": "6",
      "name": "اعلان جديد",
      "description": null,
      "image": "http://penta-test.com/tanks_project/uploads/amodule/2e2816c47e51a2ec3121f47093a732d8-advertise-with-us.png",
      "duration": "",
      "content": "",
      "created_at": "",
      "visit_num": "",
      "order": "",
      "link_share": "",
      "more": [
        {
          "key": "keyvalue",
          "group_name": "",
          "value": [
            {
              "id": "",
              "paramter": "link",
              "value": "https://www.youtube.com/watch?v=ejvpVhvKesM",
              "dkv_id": "",
              "setting_id": ""
            },
            {
              "id": "",
              "paramter": "startdate",
              "value": "10/15/2017",
              "dkv_id": "",
              "setting_id": ""
            },
            {
              "id": "",
              "paramter": "enddate",
              "value": null,
              "dkv_id": "",
              "setting_id": ""
            },
            {
              "id": "",
              "paramter": "thumbnail",
              "value": null,
              "dkv_id": "",
              "setting_id": ""
            },
            {
              "id": "",
              "paramter": "is_video",
              "value": "0",
              "dkv_id": "",
              "setting_id": ""
            },
            {
              "id": "",
              "paramter": "height",
              "value": null,
              "dkv_id": "",
              "setting_id": ""
            },
            {
              "id": "",
              "paramter": "width",
              "value": null,
              "dkv_id": "",
              "setting_id": ""
            }
          ]
        }
      ],
      "media": []
    },
    {
      "id": "4",
      "name": "خزانات جديدة خالص",
      "description": null,
      "image": "http://penta-test.com/tanks_project/uploads/amodule/4f258242235c2557e99f72467f7e0fb8-advertise-with-us.jpg",
      "duration": "",
      "content": "",
      "created_at": "",
      "visit_num": "",
      "order": "",
      "link_share": "",
      "more": [
        {
          "key": "keyvalue",
          "group_name": "",
          "value": [
            {
              "id": "",
              "paramter": "link",
              "value": "https://www.youtube.com/watch?v=ejvpVhvKesM",
              "dkv_id": "",
              "setting_id": ""
            },
            {
              "id": "",
              "paramter": "startdate",
              "value": "10/31/2017",
              "dkv_id": "",
              "setting_id": ""
            },
            {
              "id": "",
              "paramter": "enddate",
              "value": null,
              "dkv_id": "",
              "setting_id": ""
            },
            {
              "id": "",
              "paramter": "thumbnail",
              "value": null,
              "dkv_id": "",
              "setting_id": ""
            },
            {
              "id": "",
              "paramter": "is_video",
              "value": "0",
              "dkv_id": "",
              "setting_id": ""
            },
            {
              "id": "",
              "paramter": "height",
              "value": null,
              "dkv_id": "",
              "setting_id": ""
            },
            {
              "id": "",
              "paramter": "width",
              "value": null,
              "dkv_id": "",
              "setting_id": ""
            }
          ]
        }
      ],
      "media": []
    }
  ]
}