{
  "status": {
    "code": 200,
    "message": "Branches loaded",
    "error_details": []
  },
  "content": [
    {
      "id": "1",
      "name": "الفرع الرئيسي",
      "image": "",
      "description": "",
      "content": "",
      "created_at": "",
      "duration": "",
      "visit_num": "",
      "order": "",
      "link_share": "",
      "more": [
        {
          "key": "email_contacts",
          "group_name": "Branch Email Contacts",
          "value": [
            [
              {
                "parameter": "id",
                "value": "1"
              },
              {
                "parameter": "name",
                "value": "info@gmail.com"
              }
            ],
            [
              {
                "parameter": "id",
                "value": "2"
              },
              {
                "parameter": "name",
                "value": "info@gmail.com"
              }
            ]
          ]
        },
        {
          "key": "mobile_contacts",
          "group_name": "Branch Mobile Contacts",
          "value": [
            [
              {
                "parameter": "id",
                "value": "3"
              },
              {
                "parameter": "name",
                "value": "0123456789 "
              }
            ],
            [
              {
                "parameter": "id",
                "value": "4"
              },
              {
                "parameter": "name",
                "value": "0123456789 "
              }
            ]
          ]
        },
        {
          "key": "keyvalue",
          "group_name": "Key Value Fields",
          "value": [
            {
              "id": "",
              "paramter": "address",
              "value": "عنوان الفرع الرئيسي - المملكة العربية السعودية",
              "dkv_id": "",
              "setting_id": ""
            },
            {
              "id": "",
              "paramter": "lat",
              "value": "0.000000",
              "dkv_id": "",
              "setting_id": ""
            },
            {
              "id": "",
              "paramter": "long",
              "value": "0.000000",
              "dkv_id": "",
              "setting_id": ""
            }
          ]
        }
      ],
      "media": []
    },
    {
      "id": "2",
      "name": "فرع الرياض",
      "image": "",
      "description": "",
      "content": "",
      "created_at": "",
      "duration": "",
      "visit_num": "",
      "order": "",
      "link_share": "",
      "more": [
        {
          "key": "email_contacts",
          "group_name": "Branch Email Contacts",
          "value": [
            [
              {
                "parameter": "id",
                "value": "5"
              },
              {
                "parameter": "name",
                "value": "info@gmail.com"
              }
            ],
            [
              {
                "parameter": "id",
                "value": "6"
              },
              {
                "parameter": "name",
                "value": "info@gmail.com"
              }
            ]
          ]
        },
        {
          "key": "mobile_contacts",
          "group_name": "Branch Mobile Contacts",
          "value": [
            [
              {
                "parameter": "id",
                "value": "7"
              },
              {
                "parameter": "name",
                "value": "0123456789 "
              }
            ],
            [
              {
                "parameter": "id",
                "value": "8"
              },
              {
                "parameter": "name",
                "value": "0123456789 "
              }
            ]
          ]
        },
        {
          "key": "keyvalue",
          "group_name": "Key Value Fields",
          "value": [
            {
              "id": "",
              "paramter": "address",
              "value": "123 الرياض - المملكة العربية السعودية",
              "dkv_id": "",
              "setting_id": ""
            },
            {
              "id": "",
              "paramter": "lat",
              "value": "0.000000",
              "dkv_id": "",
              "setting_id": ""
            },
            {
              "id": "",
              "paramter": "long",
              "value": "0.000000",
              "dkv_id": "",
              "setting_id": ""
            }
          ]
        }
      ],
      "media": []
    }
  ]
}