{
  "status": {
    "code": 200,
    "message": "Depts loaded successfully",
    "error_details": []
  },
  "content": [
    {
      "id": "7",
      "name": "Water Tanks",
      "parent": "0",
      "description": "Polyethylene\r\n\r\nWith confidence, we guarantee the polyethylene material from SABIC, which is the only element of the industry of our tanks, because it is characterized by the highest international quality specifications. Polyethylene has high resistivity characters to chemicals and range of salt addiditives.\r\n\r\nManufacturing\r\n\r\nAl Arabia water tanks factory uses the latest methods of global technology in this field, by Advanced Design in Roto-molding technique for producing water tanks in one piece without any joints for more strength and durability.\r\n\r\n\r\nFirst Layer (External): prevents dust absorption and blocks UV ray that could result to material degradation, comes in various colors as desired by the client.\r\nSecond Layer (Black): makes",
      "image": "http://penta-test.com/tanks_project/uploads/c3171bc9-e1f2-483a-aed7-bdc3b88569d1.jpg",
      "core_dept": "4",
      "content": "",
      "created_at": "2017-10-16 13:17:51",
      "duration": "",
      "langs": [],
      "module_id": "8",
      "visit_num": "",
      "order": "",
      "link_share": "",
      "sub": [],
      "parameter_filter": [],
      "more": [],
      "media": []
    },
    {
      "id": "8",
      "name": "Water and heat insulation",
      "parent": "0",
      "description": "With confidence, we guarantee the polyethylene material from SABIC, which is the only element of the industry of our tanks, because it is characterized by the highest international quality specifications. Polyethylene has high resistivity characters to chemicals and range of salt addiditives.",
      "image": "http://penta-test.com/tanks_project/uploads/d4ffb61c-4171-4405-808c-7d3b6e301a49.jpg",
      "core_dept": "4",
      "content": "",
      "created_at": "2017-10-16 13:30:30",
      "duration": "",
      "langs": [],
      "module_id": "8",
      "visit_num": "",
      "order": "",
      "link_share": "",
      "sub": [],
      "parameter_filter": [],
      "more": [],
      "media": []
    },
    {
      "id": "9",
      "name": "Automatic Doors",
      "parent": "0",
      "description": "With confidence, we guarantee the polyethylene material from SABIC, which is the only element of the industry of our tanks, because it is characterized by the highest international quality specifications. Polyethylene has high resistivity characters to chemicals and range of salt addiditives.",
      "image": "http://penta-test.com/tanks_project/uploads/82faecb8-1a84-4833-870c-3fbe421fb326.jpg",
      "core_dept": "4",
      "content": "",
      "created_at": "2017-10-16 13:30:54",
      "duration": "",
      "langs": [],
      "module_id": "8",
      "visit_num": "",
      "order": "",
      "link_share": "",
      "sub": [],
      "parameter_filter": [],
      "more": [],
      "media": []
    },
    {
      "id": "10",
      "name": "Pumps",
      "parent": "0",
      "description": "With confidence, we guarantee the polyethylene material from SABIC, which is the only element of the industry of our tanks, because it is characterized by the highest international quality specifications. Polyethylene has high resistivity characters to chemicals and range of salt addiditives.",
      "image": "http://penta-test.com/tanks_project/uploads/b4000205-37ce-44e2-a81b-5f91c93ec9ae.jpg",
      "core_dept": "4",
      "content": "",
      "created_at": "2017-10-16 13:31:13",
      "duration": "",
      "langs": [],
      "module_id": "8",
      "visit_num": "",
      "order": "",
      "link_share": "",
      "sub": [],
      "parameter_filter": [],
      "more": [],
      "media": []
    },
    {
      "id": "11",
      "name": "Traffic Cones",
      "parent": "0",
      "description": "With confidence, we guarantee the polyethylene material from SABIC, which is the only element of the industry of our tanks, because it is characterized by the highest international quality specifications. Polyethylene has high resistivity characters to chemicals and range of salt addiditives.",
      "image": "http://penta-test.com/tanks_project/uploads/269d79da-81c4-4818-a2c5-36cb66ea388d.jpg",
      "core_dept": "4",
      "content": "",
      "created_at": "2017-10-16 13:32:34",
      "duration": "",
      "langs": [],
      "module_id": "8",
      "visit_num": "",
      "order": "",
      "link_share": "",
      "sub": [],
      "parameter_filter": [],
      "more": [],
      "media": []
    },
    {
      "id": "12",
      "name": "RAAD Barriers",
      "parent": "0",
      "description": "With confidence, we guarantee the polyethylene material from SABIC, which is the only element of the industry of our tanks, because it is characterized by the highest international quality specifications. Polyethylene has high resistivity characters to chemicals and range of salt addiditives.",
      "image": "http://penta-test.com/tanks_project/uploads/b7283e63-7c70-40c3-9f96-6becfbe7a840.jpg",
      "core_dept": "4",
      "content": "",
      "created_at": "2017-10-16 13:32:58",
      "duration": "",
      "langs": [],
      "module_id": "8",
      "visit_num": "",
      "order": "",
      "link_share": "",
      "sub": [],
      "parameter_filter": [],
      "more": [],
      "media": []
    },
    {
      "id": "13",
      "name": "Electrical Flooter",
      "parent": "0",
      "description": "With confidence, we guarantee the polyethylene material from SABIC, which is the only element of the industry of our tanks, because it is characterized by the highest international quality specifications. Polyethylene has high resistivity characters to chemicals and range of salt addiditives.",
      "image": "http://penta-test.com/tanks_project/uploads/04d6ae2e-20d1-4102-a109-bbb77a83c74f.jpg",
      "core_dept": "4",
      "content": "",
      "created_at": "2017-10-16 13:33:17",
      "duration": "",
      "langs": [],
      "module_id": "8",
      "visit_num": "",
      "order": "",
      "link_share": "",
      "sub": [],
      "parameter_filter": [],
      "more": [],
      "media": []
    },
    {
      "id": "14",
      "name": "GLS Tank",
      "parent": "7",
      "description": "With confidence, we guarantee the polyethylene material from SABIC, which is the only element of the industry of our",
      "image": "http://penta-test.com/tanks_project/uploads/2f77b97c-58c6-442e-8714-676f13105934.jpg",
      "core_dept": "4",
      "content": "",
      "created_at": "2017-10-16 13:35:58",
      "duration": "",
      "langs": [],
      "module_id": "8",
      "visit_num": "",
      "order": "",
      "link_share": "",
      "sub": [],
      "parameter_filter": [],
      "more": [],
      "media": []
    },
    {
      "id": "15",
      "name": "Horizontal Tank",
      "parent": "7",
      "description": "With confidence, we guarantee the polyethylene material from SABIC, which is the only element of the industry of our tanks, because it is characterized by the highest international quality specifications. Polyethylene has high resistivity characters to chemicals and range of salt addiditives.",
      "image": "http://penta-test.com/tanks_project/uploads/74f4dc65-aa7f-4ba5-9848-2eeb31a51d9a.jpg",
      "core_dept": "4",
      "content": "",
      "created_at": "2017-10-16 13:36:25",
      "duration": "",
      "langs": [],
      "module_id": "8",
      "visit_num": "",
      "order": "",
      "link_share": "",
      "sub": [],
      "parameter_filter": [],
      "more": [],
      "media": []
    },
    {
      "id": "16",
      "name": "Vertical Tanks",
      "parent": "7",
      "description": "With confidence, we guarantee the polyethylene material from SABIC, which is the only element of the industry of our tanks, because it is characterized by the highest international quality specifications. Polyethylene has high resistivity characters to chemicals and range of salt addiditives.",
      "image": "http://penta-test.com/tanks_project/uploads/3d807f7d-b5b8-49b3-9a2f-2e77b8c1ee39.jpg",
      "core_dept": "4",
      "content": "",
      "created_at": "2017-10-16 13:36:40",
      "duration": "",
      "langs": [],
      "module_id": "8",
      "visit_num": "",
      "order": "",
      "link_share": "",
      "sub": [],
      "parameter_filter": [],
      "more": [],
      "media": []
    },
    {
      "id": "17",
      "name": "Walkway Tanks",
      "parent": "7",
      "description": "With confidence, we guarantee the polyethylene material from SABIC, which is the only element of the industry of our tanks, because it is characterized by the highest international quality specifications. Polyethylene has high resistivity characters to chemicals and range of salt addiditives.",
      "image": "http://penta-test.com/tanks_project/uploads/c97dcd97-ae5e-420c-8604-a9b6a43326ed.jpg",
      "core_dept": "4",
      "content": "",
      "created_at": "2017-10-16 13:36:56",
      "duration": "",
      "langs": [],
      "module_id": "8",
      "visit_num": "",
      "order": "",
      "link_share": "",
      "sub": [],
      "parameter_filter": [],
      "more": [],
      "media": []
    },
    {
      "id": "18",
      "name": "Staircase tanks",
      "parent": "7",
      "description": "With confidence, we guarantee the polyethylene material from SABIC, which is the only element of the industry of our tanks, because it is characterized by the highest international quality specifications. Polyethylene has high resistivity characters to chemicals and range of salt addiditives.",
      "image": "http://penta-test.com/tanks_project/uploads/c8334da2-6db6-40ff-b1fd-7f95cb639e12.jpg",
      "core_dept": "4",
      "content": "",
      "created_at": "2017-10-16 13:37:21",
      "duration": "",
      "langs": [],
      "module_id": "8",
      "visit_num": "",
      "order": "",
      "link_share": "",
      "sub": [],
      "parameter_filter": [],
      "more": [],
      "media": []
    },
    {
      "id": "19",
      "name": "Underground Tanks",
      "parent": "7",
      "description": "With confidence, we guarantee the polyethylene material from SABIC, which is the only element of the industry of our tanks, because it is characterized by the highest international quality specifications. Polyethylene has high resistivity characters to chemicals and range of salt addiditives.",
      "image": "http://penta-test.com/tanks_project/uploads/d6ff4527-b77c-42ae-857f-502255101dbe.jpg",
      "core_dept": "4",
      "content": "",
      "created_at": "2017-10-16 13:37:46",
      "duration": "",
      "langs": [],
      "module_id": "8",
      "visit_num": "",
      "order": "",
      "link_share": "",
      "sub": [],
      "parameter_filter": [],
      "more": [],
      "media": []
    }
  ]
}