{
  "status": {
    "code": 200,
    "message": "Activated!",
    "error_details": [
    ]
  },
  "content": [
    {
      "ID": "370",
      "Title": "TestUser123",
      "User": "testuser123",
      "Mobile": "01123456677",
      "Pass": "$2y$08$a2t2OHk4cVpOa3U0Sjc2YO2MXsnUZmLmrnnF5TPcmnRoTko.domLq",
      "Img": "",
      "Gender": "0",
      "Access_Token": "",
      "Social_Avatar": "",
      "Login_Type": "1",
      "Mail": "testuser@test.com",
      "City_ID,": "0",
      "Social_ID": "0",
      "Social_Type": "",
      "Join_Date": "1506949509",
      "Application_ID": "1",
      "Module_ID": "20002",
      "Active": "1",
      "Type": "0",
      "is_admin": "0",
      "token_id": "5",
      "confirm_code": "NgYon11zaO",
      "confirm_code_expired": "0",
      "device_token": "asdfgh1232;lnsadn"
    }
  ]
}