{"status":{"code":200,"message":"Data loaded","error_details":[]},"content":[{"id":"6","name":"Egypt Event","description":"Egypt Event","image":"uploads\/ac282713-08c6-4c5f-b169-c422b98c9231.jpg","content":"&lt;p&gt;Event to be held in Egypt, Event to be held in Egypt, Event to be held in Egypt, Event to be held in Egypt, Event to be held in Egypt, Event to be held in Egypt, Event to be held in Egypt, Event to be held in Egypt, Event to be held in Egypt, Event to be held in Egypt, Event to be held in Egypt, Event to be held in Egypt, Event to be held in Egypt, Event to be held in Egypt, Event to be held in Egypt, Event to be held in Egypt, Event to be held in Egypt, Event to be held in Egypt, Event to be held in Egypt, Event to be held in Egypt,&amp;nbsp;&lt;\/p&gt;","created_at":"1508246959","duration":"1 days 7 hours ","langs":[],"module_id":"1","active":"1","visit_num":"0","order":"0","link_share":"http:\/\/robo-apps.comnews.php?ID=14","sub":[],"parameter_filter":[],"more":[{"id":"3","paramter":"creation_date","value":"18\/10\/2017","dkv_id":"2","langs":[],"setting_id":3}],"media":[]},{"id":"5","name":"KSA Event","description":"KSA Event","image":"uploads\/d4b2d703-3f50-4c9d-889b-bfa83a7535cb.png","content":"&lt;p&gt;Event to be held in KSA&lt;\/p&gt;","created_at":"1508246827","duration":"1 days 7 hours ","langs":[],"module_id":"1","active":"1","visit_num":"0","order":"0","link_share":"http:\/\/robo-apps.comnews.php?ID=14","sub":[],"parameter_filter":[],"more":[{"id":"1","paramter":"creation_date","value":"17\/10\/2017","dkv_id":"2","langs":[],"setting_id":3}],"media":[]},{"id":"4","name":"Dubai Event","description":"Dubai Event","image":"uploads\/72b43492-5caf-44a2-a8b6-feb346d99d18.png","content":"&lt;p&gt;Event to be held in Dubai&lt;\/p&gt;","created_at":"1508246847","duration":"1 days 7 hours ","langs":[],"module_id":"1","active":"1","visit_num":"0","order":"0","link_share":"http:\/\/robo-apps.comnews.php?ID=14","sub":[],"parameter_filter":[],"more":[{"id":"2","paramter":"creation_date","value":"16\/10\/2017","dkv_id":"2","langs":[],"setting_id":3}],"media":[]}]}