{
  "status": {
    "code": 200,
    "message": "Depts loaded successfully",
    "error_details": []
  },
  "content": [
    {
      "id": "23",
      "name": "MANUFACTURING",
      "parent": "0",
      "description": "MANUFACTURING MANUFACTURING MANUFACTURING",
      "image": "http://penta-test.com/tanks_project/uploads/738fd230-6b5e-4273-be70-b2c6cdb01ec7.jpg",
      "core_dept": "1",
      "content": "",
      "created_at": "2017-10-17 10:39:22",
      "duration": "",
      "langs": [],
      "module_id": "3",
      "visit_num": "",
      "order": "",
      "link_share": "",
      "sub": [],
      "parameter_filter": [],
      "more": [],
      "media": [],
      "cms": [
        {
          "id": "14",
          "name": "Water Tanks Factory",
          "description": "Water Tanks Factory Water Tanks Factory",
          "image": "http://penta-test.com/tanks_project/uploads/c8f5e3df-01f1-4fef-81b7-dd0b4abfde0c.jpg",
          "content": "&lt;div class=\\&quot;clearfix\\&quot; style=\\&quot;box-sizing: border-box; direction: rtl; color: #444444; font-family: \\'Helvetica Neue W23 for SKY Reg\\'; font-size: 14px; font-style: normal; font-variant-ligatures: normal; font-variant-caps: normal; font-weight: normal; letter-spacing: normal; orphans: 2; text-align: start; text-indent: 0px; text-transform: none; white-space: normal; widows: 2; word-spacing: 0px; -webkit-text-stroke-width: 0px; background-color: #ffffff; text-decoration-style: initial; text-decoration-color: initial;\\&quot;&gt;&amp;nbsp;&lt;/div&gt;\r\n&lt;div class=\\&quot;row\\&quot; style=\\&quot;box-sizing: border-box; direction: rtl; margin-right: -15px; margin-left: -15px; color: #444444; font-family: \\'Helvetica Neue W23 for SKY Reg\\'; font-size: 14px; font-style: normal; font-variant-ligatures: normal; font-variant-caps: normal; font-weight: normal; letter-spacing: normal; orphans: 2; text-align: start; text-indent: 0px; text-transform: none; white-space: normal; widows: 2; word-spacing: 0px; -webkit-text-stroke-width: 0px; background-color: #ffffff; text-decoration-style: initial; text-decoration-color: initial;\\&quot;&gt;\r\n&lt;div class=\\&quot;col-md-12\\&quot; style=\\&quot;box-sizing: border-box; direction: rtl; position: relative; min-height: 1px; padding-right: 15px; padding-left: 15px; float: right; width: 1140px;\\&quot;&gt;\r\n&lt;div class=\\&quot; \\&quot; style=\\&quot;box-sizing: border-box; direction: rtl;\\&quot;&gt;\r\n&lt;h5 class=\\&quot;product-title  col-md-12 \\&quot; style=\\&quot;box-sizing: border-box; font-family: inherit; font-weight: bold; line-height: 1.1; color: #555555; margin-top: 10px; margin-bottom: 10px; font-size: 14px; text-align: right; direction: rtl; position: relative; min-height: 1px; padding-right: 15px; padding-left: 15px; float: right; width: 1110px;\\&quot;&gt;Water Tanks Factory:&lt;/h5&gt;\r\n&lt;ul style=\\&quot;box-sizing: border-box; margin-top: 0px; margin-bottom: 10px;\\&quot;&gt;\r\n&lt;li style=\\&quot;box-sizing: border-box;\\&quot;&gt;Horizontal and vertical tanks up to 32000 vertical capacity&lt;/li&gt;\r\n&lt;li style=\\&quot;box-sizing: border-box;\\&quot;&gt;Chemical tanks up to 32000 vertical capacity&lt;/li&gt;\r\n&lt;li style=\\&quot;box-sizing: border-box;\\&quot;&gt;Under-ground modular tanks (5000 liters in multiple connection)&lt;/li&gt;\r\n&lt;li style=\\&quot;box-sizing: border-box;\\&quot;&gt;Special products - road barrier, road cone, water buoys, train tank&lt;/li&gt;\r\n&lt;/ul&gt;\r\n&lt;/div&gt;\r\n&lt;/div&gt;\r\n&lt;div class=\\&quot;col-md-12\\&quot; style=\\&quot;box-sizing: border-box; direction: rtl; position: relative; min-height: 1px; padding-right: 15px; padding-left: 15px; float: right; width: 1140px;\\&quot;&gt;\r\n&lt;div class=\\&quot; \\&quot; style=\\&quot;box-sizing: border-box; direction: rtl;\\&quot;&gt;\r\n&lt;h5 class=\\&quot;product-title  col-md-12 \\&quot; style=\\&quot;box-sizing: border-box; font-family: inherit; font-weight: bold; line-height: 1.1; color: #555555; margin-top: 10px; margin-bottom: 10px; font-size: 14px; text-align: right; direction: rtl; position: relative; min-height: 1px; padding-right: 15px; padding-left: 15px; float: right; width: 1110px;\\&quot;&gt;Auto Door Factory&lt;/h5&gt;\r\n&lt;ul style=\\&quot;box-sizing: border-box; margin-top: 0px; margin-bottom: 10px;\\&quot;&gt;\r\n&lt;li style=\\&quot;box-sizing: border-box;\\&quot;&gt;Roll up door assembly&lt;/li&gt;\r\n&lt;li style=\\&quot;box-sizing: border-box;\\&quot;&gt;Section door assembly&lt;/li&gt;\r\n&lt;/ul&gt;\r\n&lt;/div&gt;\r\n&lt;/div&gt;\r\n&lt;div class=\\&quot;col-md-12\\&quot; style=\\&quot;box-sizing: border-box; direction: rtl; position: relative; min-height: 1px; padding-right: 15px; padding-left: 15px; float: right; width: 1140px;\\&quot;&gt;\r\n&lt;div class=\\&quot; \\&quot; style=\\&quot;box-sizing: border-box; direction: rtl;\\&quot;&gt;\r\n&lt;h5 class=\\&quot;product-title  col-md-12\\&quot; style=\\&quot;box-sizing: border-box; font-family: inherit; font-weight: bold; line-height: 1.1; color: #555555; margin-top: 10px; margin-bottom: 10px; font-size: 14px; text-align: right; direction: rtl; position: relative; min-height: 1px; padding-right: 15px; padding-left: 15px; float: right; width: 1110px;\\&quot;&gt;Manhole Cover Factory&lt;/h5&gt;\r\n&lt;ul style=\\&quot;box-sizing: border-box; margin-top: 0px; margin-bottom: 10px;\\&quot;&gt;\r\n&lt;li style=\\&quot;box-sizing: border-box;\\&quot;&gt;Class A type specification&lt;/li&gt;\r\n&lt;/ul&gt;\r\n&lt;/div&gt;\r\n&lt;/div&gt;\r\n&lt;div class=\\&quot;col-md-12\\&quot; style=\\&quot;box-sizing: border-box; direction: rtl; position: relative; min-height: 1px; padding-right: 15px; padding-left: 15px; float: right; width: 1140px;\\&quot;&gt;\r\n&lt;div class=\\&quot; \\&quot; style=\\&quot;box-sizing: border-box; direction: rtl;\\&quot;&gt;\r\n&lt;h5 class=\\&quot;product-title  col-md-12 \\&quot; style=\\&quot;box-sizing: border-box; font-family: inherit; font-weight: bold; line-height: 1.1; color: #555555; margin-top: 10px; margin-bottom: 10px; font-size: 14px; text-align: right; direction: rtl; position: relative; min-height: 1px; padding-right: 15px; padding-left: 15px; float: right; width: 1110px;\\&quot;&gt;Injection Moulding Plant&lt;/h5&gt;\r\n&lt;ul style=\\&quot;box-sizing: border-box; margin-top: 0px; margin-bottom: 10px;\\&quot;&gt;\r\n&lt;li style=\\&quot;box-sizing: border-box;\\&quot;&gt;AC tray&lt;/li&gt;\r\n&lt;li style=\\&quot;box-sizing: border-box;\\&quot;&gt;Tank covers&lt;/li&gt;\r\n&lt;li style=\\&quot;box-sizing: border-box;\\&quot;&gt;Tank accessories (fitting of 1 ~ 3 inches in ABS)&lt;/li&gt;\r\n&lt;/ul&gt;\r\n&lt;/div&gt;\r\n&lt;/div&gt;\r\n&lt;/div&gt;",
          "created_at": "1508403669",
          "duration": "2 minutes 30 seconds ",
          "langs": [],
          "module_id": "3",
          "active": "1",
          "visit_num": "0",
          "order": "0",
          "link_share": "http://robo-apps.comnews.php?ID=14",
          "sub": [],
          "parameter_filter": [],
          "more": [],
          "media": []
        }
      ]
    },
    {
      "id": "24",
      "name": "PRODUCTION CAPACITY",
      "parent": "0",
      "description": "PRODUCTION CAPACITY PRODUCTION CAPACITY",
      "image": "http://penta-test.com/tanks_project/uploads/74c1ba6a-3cb2-4d23-bdb2-a0dd229a4932.png",
      "core_dept": "1",
      "content": "",
      "created_at": "2017-10-17 10:39:56",
      "duration": "",
      "langs": [],
      "module_id": "3",
      "visit_num": "",
      "order": "",
      "link_share": "",
      "sub": [],
      "parameter_filter": [],
      "more": [],
      "media": [],
      "cms": [
        {
          "id": "15",
          "name": "PRODUCTION CAPACITY",
          "description": "PRODUCTION CAPACITY",
          "image": "http://penta-test.com/tanks_project/uploads/2804f5c9-6dfd-4313-bec2-01356e5a93c1.jpg",
          "content": "&lt;div class=\\&quot;clearfix\\&quot; style=\\&quot;box-sizing: border-box; direction: rtl; color: #444444; font-family: \\'Helvetica Neue W23 for SKY Reg\\'; font-size: 14px; font-style: normal; font-variant-ligatures: normal; font-variant-caps: normal; font-weight: normal; letter-spacing: normal; orphans: 2; text-align: start; text-indent: 0px; text-transform: none; white-space: normal; widows: 2; word-spacing: 0px; -webkit-text-stroke-width: 0px; background-color: #ffffff; text-decoration-style: initial; text-decoration-color: initial;\\&quot;&gt;&amp;nbsp;&lt;/div&gt;\r\n&lt;ul style=\\&quot;box-sizing: border-box; margin-top: 0px; margin-bottom: 10px; color: #444444; font-family: \\'Helvetica Neue W23 for SKY Reg\\'; font-size: 14px; font-style: normal; font-variant-ligatures: normal; font-variant-caps: normal; font-weight: normal; letter-spacing: normal; orphans: 2; text-align: start; text-indent: 0px; text-transform: none; white-space: normal; widows: 2; word-spacing: 0px; -webkit-text-stroke-width: 0px; background-color: #ffffff; text-decoration-style: initial; text-decoration-color: initial;\\&quot;&gt;\r\n&lt;li style=\\&quot;box-sizing: border-box;\\&quot;&gt;1.9 Million liters / Day (Maximum Plant Production Capacity)&lt;/li&gt;\r\n&lt;li style=\\&quot;box-sizing: border-box;\\&quot;&gt;437.866 Million liters annually (Planned for year 2014)&lt;/li&gt;\r\n&lt;/ul&gt;",
          "created_at": "1508403704",
          "duration": "1 minutes 55 seconds ",
          "langs": [],
          "module_id": "3",
          "active": "1",
          "visit_num": "0",
          "order": "0",
          "link_share": "http://robo-apps.comnews.php?ID=14",
          "sub": [],
          "parameter_filter": [],
          "more": [],
          "media": []
        }
      ]
    },
    {
      "id": "25",
      "name": "TOTAL STAFF - 259 HEAD COUNT",
      "parent": "0",
      "description": "TOTAL STAFF - 259 HEAD COUNT TOTAL STAFF - 259 HEAD COUNT TOTAL STAFF - 259 HEAD COUNT",
      "image": "http://penta-test.com/tanks_project/uploads/305f1e56-06c3-42f4-8e27-e89b6ee19f2e.jpeg",
      "core_dept": "1",
      "content": "",
      "created_at": "2017-10-17 10:40:32",
      "duration": "",
      "langs": [],
      "module_id": "3",
      "visit_num": "",
      "order": "",
      "link_share": "",
      "sub": [],
      "parameter_filter": [],
      "more": [],
      "media": [],
      "cms": [
        {
          "id": "16",
          "name": "TOTAL STAFF - 259 HEAD COUNT",
          "description": "TOTAL STAFF - 259 HEAD COUNT",
          "image": "http://penta-test.com/tanks_project/uploads/2577dd76-67db-4227-b282-898fea094dc2.jpg",
          "content": "&lt;h4 class=\\&quot;\\\\&amp;quot;product-title\\&quot;&gt;TOTAL STAFF - 259 HEAD COUNT&lt;/h4&gt;",
          "created_at": "1508403787",
          "duration": "0 minutes 32 seconds ",
          "langs": [],
          "module_id": "3",
          "active": "1",
          "visit_num": "0",
          "order": "0",
          "link_share": "http://robo-apps.comnews.php?ID=14",
          "sub": [],
          "parameter_filter": [],
          "more": [],
          "media": []
        }
      ]
    },
    {
      "id": "26",
      "name": "QUALITY STANDARDS &amp; REFERENCES",
      "parent": "0",
      "description": "QUALITY STANDARDS &amp; REFERENCES QUALITY STANDARDS &amp; REFERENCES QUALITY STANDARDS &amp; REFERENCES",
      "image": "http://penta-test.com/tanks_project/uploads/650e853a-d7b3-4c4f-be20-919576ba3d40.jpg",
      "core_dept": "1",
      "content": "",
      "created_at": "2017-10-17 10:41:13",
      "duration": "",
      "langs": [],
      "module_id": "3",
      "visit_num": "",
      "order": "",
      "link_share": "",
      "sub": [],
      "parameter_filter": [],
      "more": [],
      "media": [],
      "cms": [
        {
          "id": "17",
          "name": "QUALITY STANDARDS &amp; REFERENCES",
          "description": "QUALITY STANDARDS &amp; REFERENCES",
          "image": "http://penta-test.com/tanks_project/uploads/1c451829-7e6a-4eea-98d0-c7776a18a565.jpg",
          "content": "&lt;div class=\\&quot;col-md-12\\&quot; style=\\&quot;box-sizing: border-box; direction: rtl; position: relative; min-height: 1px; padding-right: 15px; padding-left: 15px; float: right; width: 1140px; color: #444444; font-family: \\'Helvetica Neue W23 for SKY Reg\\';\\&quot;&gt;\r\n&lt;ul style=\\&quot;box-sizing: border-box; margin-top: 0px; margin-bottom: 10px;\\&quot;&gt;\r\n&lt;li style=\\&quot;box-sizing: border-box;\\&quot;&gt;ASTM Standards D 1998 - 06 (Standard Specification for PE Upright Storage Tanks)&lt;/li&gt;\r\n&lt;li style=\\&quot;box-sizing: border-box;\\&quot;&gt;IS 12701 : 1996 (Indian Standard Rotational Moulded PE Water Storage Tanks - Specification)&lt;/li&gt;\r\n&lt;li style=\\&quot;box-sizing: border-box;\\&quot;&gt;GCC (GS)) GSO 1831 / 2007 (Rotational molded PE Water Storage Tanks)&lt;/li&gt;\r\n&lt;li style=\\&quot;box-sizing: border-box;\\&quot;&gt;CPPA Standards 1996 (ASSHTO) (Corrugated PE pipe Association)&lt;/li&gt;\r\n&lt;li style=\\&quot;box-sizing: border-box;\\&quot;&gt;BS EN 124 : 1996 (Manhole cover Specifications)&lt;/li&gt;\r\n&lt;li style=\\&quot;box-sizing: border-box;\\&quot;&gt;ISO 9001 : 2008 Quality Management System&lt;/li&gt;\r\n&lt;li style=\\&quot;box-sizing: border-box;\\&quot;&gt;ISO 9001 : 2008 Safety Procedures - Clause 6.0&lt;/li&gt;\r\n&lt;/ul&gt;\r\n&lt;/div&gt;",
          "created_at": "1508403766",
          "duration": "0 minutes 53 seconds ",
          "langs": [],
          "module_id": "3",
          "active": "1",
          "visit_num": "0",
          "order": "0",
          "link_share": "http://robo-apps.comnews.php?ID=14",
          "sub": [],
          "parameter_filter": [],
          "more": [],
          "media": []
        }
      ]
    }
  ]
}