{
  "status": {
    "code": 200,
    "message": "Homepage Offers Loaded",
    "error_details": []
  },
  "content": [
    {
      "id": "1",
      "name": "Offer1",
      "image": "http://penta-test.com/tanks_project/uploads/offer1.png",
      "discount_percent": "20",
      "products_number": "2",
      "max_purchase_number": "3",
      "description": "test offer 1",
      "show_in_homepage": "1",
      "price": "200.00",
      "original_price": "500.00",
      "active": "1",
      "created_at": "1508416160",
      "updated_at": "1508416160",
      "types": [
        {
          "id": "1",
          "name": "Until Finished",
          "created_at": "",
          "updated_at": ""
        },
        {
          "id": "2",
          "name": "Limited Period",
          "created_at": "",
          "updated_at": ""
        }
      ],
      "products": [
        {
          "id": "3",
          "name": "",
          "description": "",
          "image": "http://penta-test.com/tanks_project/uploads/e345df15-b9e7-4700-837f-73a23c7858a4.jpg",
          "content": "",
          "created_at": "1508166034",
          "duration": "5 days 17 hours ",
          "langs": [],
          "module_id": "8",
          "active": "1",
          "visit_num": "0",
          "order": "0",
          "link_share": "http://robo-apps.comnews.php?ID=14",
          "sub": [],
          "parameter_filter": [],
          "more": [],
          "media": []
        }
      ],
      "regions": [
        {
          "id": "1",
          "name": "المهندسين",
          "code": null,
          "city_id": "2",
          "application_id": null
        }
      ],
      "actions": {
        "api_view": "http://penta-test.com/tanks_project/offers_module/apis/get/1"
      }
    },
    {
      "id": "2",
      "name": "Offer2",
      "image": "http://penta-test.com/tanks_project/uploads/offer2.png",
      "discount_percent": "30",
      "products_number": "5",
      "max_purchase_number": "3",
      "description": "test offer 2",
      "show_in_homepage": "1",
      "price": "700.00",
      "original_price": "1000.00",
      "active": "1",
      "created_at": "1508416160",
      "updated_at": "1508416160",
      "types": [
        {
          "id": "2",
          "name": "Limited Period",
          "created_at": "",
          "updated_at": ""
        }
      ],
      "products": [
        {
          "id": "2",
          "name": "",
          "description": "",
          "image": "http://penta-test.com/tanks_project/uploads/7b9b30dd-0bef-438d-b4c6-4b4a62abc6c5.jpg",
          "content": "",
          "created_at": "1508407237",
          "duration": "2 days 22 hours ",
          "langs": [],
          "module_id": "2",
          "active": "1",
          "visit_num": "0",
          "order": "0",
          "link_share": "http://robo-apps.comnews.php?ID=14",
          "sub": [],
          "parameter_filter": [],
          "more": [],
          "media": [
            {
              "id": [],
              "image": "http://penta-test.com/tanks_project/uploads/ec5019f9-dcb8-4115-864b-d4956cf6fd49.jpg",
              "link": " ",
              "type": "Img"
            },
            {
              "id": [],
              "image": "http://penta-test.com/tanks_project/uploads/93adc3b0-eeec-4ad1-889c-c4aaabfb3da5.jpg",
              "link": " ",
              "type": "Img"
            },
            {
              "id": [],
              "image": "http://penta-test.com/tanks_project/uploads/d85781ed-c7a4-4d28-9d3c-6d2319d6725a.png",
              "link": " ",
              "type": "Img"
            },
            {
              "id": [],
              "image": "http://penta-test.com/tanks_project/uploads/ ",
              "link": "https://www.youtube.com/watch?v=EJz5KSQTntM",
              "type": "Video"
            },
            {
              "id": [],
              "image": "http://penta-test.com/tanks_project/uploads/ ",
              "link": "https://www.youtube.com/watch?v=zzFI6sEICEE",
              "type": "Video"
            },
            {
              "id": [],
              "image": "http://penta-test.com/tanks_project/uploads/ ",
              "link": "https://www.youtube.com/watch?v=qjsMb34Tg6o",
              "type": "Video"
            }
          ]
        }
      ],
      "regions": [
        {
          "id": "2",
          "name": "أسوان",
          "code": null,
          "city_id": "13",
          "application_id": null
        }
      ],
      "actions": {
        "api_view": "http://penta-test.com/tanks_project/offers_module/apis/get/2"
      }
    }
  ]
}