{
  "status": {
    "code": 200,
    "message": "Depts loaded successfully",
    "error_details": []
  },
  "content": [
    {
      "id": "1",
      "name": "الشركة العربية",
      "parent": "0",
      "description": "الشركة العربية الشركة العربية الشركة العربية",
      "image": "http://penta-test.com/tanks_project/uploads/e267bba1-7239-4443-8f28-e31d2a8d9034.png",
      "core_dept": "5",
      "content": "",
      "created_at": "2017-10-16 12:16:20",
      "duration": "",
      "langs": [],
      "module_id": "8",
      "visit_num": "",
      "order": "",
      "link_share": "",
      "sub": [],
      "parameter_filter": [],
      "more": [],
      "media": []
    },
    {
      "id": "2",
      "name": "شركة العربي",
      "parent": "0",
      "description": "شركة العربيشركة العربيشركة العربيشركة العربيشركة العربيشركة العربي",
      "image": "http://penta-test.com/tanks_project/uploads/9428e8fe-413b-4a8e-920a-c829feb82e7d.png",
      "core_dept": "5",
      "content": "",
      "created_at": "2017-10-16 12:19:22",
      "duration": "",
      "langs": [],
      "module_id": "8",
      "visit_num": "",
      "order": "",
      "link_share": "",
      "sub": [],
      "parameter_filter": [],
      "more": [],
      "media": []
    },
    {
      "id": "3",
      "name": "شركة المصري",
      "parent": "1",
      "description": "شركة المصري شركة المصري شركة المصري شركة المصري",
      "image": "http://penta-test.com/tanks_project/uploads/6ab85a61-10cd-4770-9157-146049042be5.png",
      "core_dept": "5",
      "content": "",
      "created_at": "2017-10-16 12:20:25",
      "duration": "",
      "langs": [],
      "module_id": "8",
      "visit_num": "",
      "order": "",
      "link_share": "",
      "sub": [],
      "parameter_filter": [],
      "more": [],
      "media": []
    },
    {
      "id": "4",
      "name": "Fanta",
      "parent": "0",
      "description": "Fanta Company",
      "image": "http://penta-test.com/tanks_project/uploads/72882a3b-34b0-4098-bc96-1a51ee7d5a12.jpg",
      "core_dept": "5",
      "content": "",
      "created_at": "2017-10-16 12:43:46",
      "duration": "",
      "langs": [],
      "module_id": "8",
      "visit_num": "",
      "order": "",
      "link_share": "",
      "sub": [],
      "parameter_filter": [],
      "more": [],
      "media": []
    },
    {
      "id": "5",
      "name": "BMW",
      "parent": "0",
      "description": "BMW  BMW  BMW",
      "image": "http://penta-test.com/tanks_project/uploads/bbd20576-4428-467f-ae69-d8020e7580b1.jpg",
      "core_dept": "5",
      "content": "",
      "created_at": "2017-10-16 12:44:47",
      "duration": "",
      "langs": [],
      "module_id": "8",
      "visit_num": "",
      "order": "",
      "link_share": "",
      "sub": [],
      "parameter_filter": [],
      "more": [],
      "media": []
    },
    {
      "id": "6",
      "name": "CocaCola",
      "parent": "0",
      "description": "CocaCola  CocaCola  CocaCola",
      "image": "http://penta-test.com/tanks_project/uploads/091e5e86-3eb3-48bb-8f33-c45048f542ad.jpg",
      "core_dept": "5",
      "content": "",
      "created_at": "2017-10-16 12:49:12",
      "duration": "",
      "langs": [],
      "module_id": "8",
      "visit_num": "",
      "order": "",
      "link_share": "",
      "sub": [],
      "parameter_filter": [],
      "more": [],
      "media": []
    }
  ]
}