{
  "status": {
    "code": 200,
    "message": "Offers Loaded",
    "error_details": []
  },
  "content": [
    {
      "id": "1",
      "name": "Offer1",
      "image": "http://penta-test.com/tanks_project/uploads/offer1.png",
      "description": "test offer 1",
      "content": "",
      "created_at": "1508416160",
      "duration": "",
      "visit_num": "",
      "order": "",
      "link_share": "",
      "more": [
        {
          "key": "branch_id",
          "group_name": "Branches",
          "value": [
            [
              {
                "parameter": "id",
                "value": "1"
              },
              {
                "parameter": "name",
                "value": "المهندسين"
              }
            ]
          ]
        },
        {
          "key": "types",
          "group_name": "Offer Types",
          "value": [
            [
              {
                "parameter": "id",
                "value": "1"
              },
              {
                "parameter": "name",
                "value": "Until Finished"
              }
            ],
            [
              {
                "parameter": "id",
                "value": "2"
              },
              {
                "parameter": "name",
                "value": "Limited Period"
              }
            ]
          ]
        },
        {
          "key": "keyvalue",
          "group_name": "Key Value Fields",
          "value": [
            {
              "id": "",
              "paramter": "discount_percent",
              "value": "20",
              "dkv_id": "",
              "setting_id": ""
            },
            {
              "id": "",
              "paramter": "products_number",
              "value": "2",
              "dkv_id": "",
              "setting_id": ""
            },
            {
              "id": "",
              "paramter": "max_purchase_number",
              "value": "3",
              "dkv_id": "",
              "setting_id": ""
            },
            {
              "id": "",
              "paramter": "show_in_homepage",
              "value": "1",
              "dkv_id": "",
              "setting_id": ""
            },
            {
              "id": "",
              "paramter": "price",
              "value": "200.00",
              "dkv_id": "",
              "setting_id": ""
            },
            {
              "id": "",
              "paramter": "original_price",
              "value": "500.00",
              "dkv_id": "",
              "setting_id": ""
            },
            {
              "id": "",
              "paramter": "active",
              "value": "1",
              "dkv_id": "",
              "setting_id": ""
            },
            {
              "id": "",
              "paramter": "updated_at",
              "value": "1508416160",
              "dkv_id": "",
              "setting_id": ""
            }
          ]
        },
        {
          "key": "actions",
          "group_name": "Actions",
          "value": [
            {
              "parameter": "view",
              "value": "http://penta-test.com/tanks_project/offers_module/apis/get/1"
            }
          ]
        }
      ],
      "media": []
    },
    {
      "id": "2",
      "name": "Offer2",
      "image": "http://penta-test.com/tanks_project/uploads/offer2.png",
      "description": "test offer 2",
      "content": "",
      "created_at": "1508416160",
      "duration": "",
      "visit_num": "",
      "order": "",
      "link_share": "",
      "more": [
        {
          "key": "branch_id",
          "group_name": "Branches",
          "value": [
            [
              {
                "parameter": "id",
                "value": "2"
              },
              {
                "parameter": "name",
                "value": "أسوان"
              }
            ]
          ]
        },
        {
          "key": "types",
          "group_name": "Offer Types",
          "value": [
            [
              {
                "parameter": "id",
                "value": "2"
              },
              {
                "parameter": "name",
                "value": "Limited Period"
              }
            ]
          ]
        },
        {
          "key": "keyvalue",
          "group_name": "Key Value Fields",
          "value": [
            {
              "id": "",
              "paramter": "discount_percent",
              "value": "30",
              "dkv_id": "",
              "setting_id": ""
            },
            {
              "id": "",
              "paramter": "products_number",
              "value": "5",
              "dkv_id": "",
              "setting_id": ""
            },
            {
              "id": "",
              "paramter": "max_purchase_number",
              "value": "3",
              "dkv_id": "",
              "setting_id": ""
            },
            {
              "id": "",
              "paramter": "show_in_homepage",
              "value": "1",
              "dkv_id": "",
              "setting_id": ""
            },
            {
              "id": "",
              "paramter": "price",
              "value": "700.00",
              "dkv_id": "",
              "setting_id": ""
            },
            {
              "id": "",
              "paramter": "original_price",
              "value": "1000.00",
              "dkv_id": "",
              "setting_id": ""
            },
            {
              "id": "",
              "paramter": "active",
              "value": "1",
              "dkv_id": "",
              "setting_id": ""
            },
            {
              "id": "",
              "paramter": "updated_at",
              "value": "1508416160",
              "dkv_id": "",
              "setting_id": ""
            }
          ]
        },
        {
          "key": "actions",
          "group_name": "Actions",
          "value": [
            {
              "parameter": "view",
              "value": "http://penta-test.com/tanks_project/offers_module/apis/get/2"
            }
          ]
        }
      ],
      "media": []
    }
  ]
}