{
  "status": {
    "code": 200,
    "message": "Depts loaded successfully",
    "error_details": []
  },
  "content": [
    {
      "id": "28",
      "name": "Al-Zamil Porchure",
      "parent": "0",
      "description": "Al-Zamil Porchure Al-Zamil Porchure Al-Zamil Porchure",
      "image": "http://penta-test.com/tanks_project/uploads/4f407a07-8e3f-4979-baec-a6c6490ded5f.png",
      "core_dept": "3",
      "content": "",
      "created_at": "2017-10-17 11:10:38",
      "duration": "",
      "langs": [],
      "module_id": "5",
      "visit_num": "",
      "order": "",
      "link_share": "",
      "sub": [],
      "parameter_filter": [],
      "more": [],
      "media": [],
      "cms": [
        {
          "id": "7",
          "name": "Test porchure 1",
          "description": "Test porchure 1",
          "image": "http://penta-test.com/tanks_project/uploads/0538ec22-cd32-405d-aa03-d26af65bae26.png",
          "content": "&lt;p&gt;Test porchure 1&amp;nbsp;Test porchure 1&amp;nbsp;Test porchure 1&amp;nbsp;Test porchure 1&lt;/p&gt;",
          "created_at": "1508247247",
          "duration": "1 days 19 hours ",
          "langs": [],
          "module_id": "5",
          "active": "1",
          "visit_num": "0",
          "order": "0",
          "link_share": "http://robo-apps.comnews.php?ID=14",
          "sub": [],
          "parameter_filter": [],
          "more": [],
          "media": []
        },
        {
          "id": "8",
          "name": "Test porchure 2",
          "description": "Test porchure 2",
          "image": "http://penta-test.com/tanks_project/uploads/82de7031-2ec0-4822-9ff3-826a9d94b5fa.jpg",
          "content": "&lt;p&gt;Test porchure 2&amp;nbsp;Test porchure 2&amp;nbsp;Test porchure 2&amp;nbsp;Test porchure 2&lt;/p&gt;",
          "created_at": "1508247228",
          "duration": "1 days 19 hours ",
          "langs": [],
          "module_id": "5",
          "active": "1",
          "visit_num": "0",
          "order": "0",
          "link_share": "http://robo-apps.comnews.php?ID=14",
          "sub": [],
          "parameter_filter": [],
          "more": [],
          "media": []
        }
      ]
    }
  ]
}