{
  "status": {
    "code": 200,
    "message": "Data loaded",
    "error_details": []
  },
  "content": [
    {
      "id": "3",
      "name": "الخزنات الافقية",
      "description": "خزنات المياة / الخزنات الافقية",
      "image": "http://penta-test.com/tanks_project/uploads/5d1fcda0-bfaa-488a-ab30-b56add9469f8.jpg",
      "content": "&lt;div id=\\&quot;overview\\&quot; class=\\&quot;tab-pane fade col-xs-12 active in\\&quot; style=\\&quot;box-sizing: border-box; direction: rtl; float: right; position: relative; min-height: 1px; padding-right: 15px; padding-left: 15px; width: 1140px; opacity: 1; transition: opacity 0.15s linear; color: #444444; font-family: \\'Helvetica Neue W23 for SKY Reg\\';\\&quot;&gt;&lt;span class=\\&quot;col-xs-12 no-padding\\&quot; style=\\&quot;box-sizing: border-box; font-weight: bold; float: right; text-align: right; direction: rtl; position: relative; min-height: 1px; padding-right: 0px; padding-left: 0px; width: 1110px;\\&quot;&gt;لبولي ايثلين&lt;/span&gt;\r\n&lt;p style=\\&quot;box-sizing: border-box; margin: 0px 0px 10px; text-align: right; direction: rtl;\\&quot;&gt;نضمن بكل ثقة صحية مادة البولي ايثلين العنصر الوحيد لصناعة خزاناتنا لتمتعها بأعلى مواصفات الجودة العالمية من سابك ، حيث أنها المادة الوحيدة المعتمدة لتخزين المياه من قبل منظمة الغذاء والدواء الأمريكية FDA ، وحسب توجيهات الاتحاد الأوروبي. وتتميز مادة البولي ايثلين لمقاومتها الشديدة للكثير من المواد الكيميائية بالإضافة إلى مقاومتها للأملاح بشكلها الصلب أو المحلول في الماء. ( حسب الجدول المرفق المقدم من شركة سابك).&lt;/p&gt;\r\n&lt;span class=\\&quot;col-xs-12 no-padding\\&quot; style=\\&quot;box-sizing: border-box; font-weight: bold; float: right; text-align: right; direction: rtl; position: relative; min-height: 1px; padding-right: 0px; padding-left: 0px; width: 1110px;\\&quot;&gt;طريقة التصنيع&lt;/span&gt;\r\n&lt;p style=\\&quot;box-sizing: border-box; margin: 0px 0px 10px; text-align: right; direction: rtl;\\&quot;&gt;تستخدم خزانات مياه أحدث أساليب التقنية العالمية في هذا المجال عن طريق تقنية القولبة المتقدمة في التصميم لإنتاج خزانات مياه من قطعة واحدة بدون فواصل ، مما يعطي الخزان قوة ومتانة ومدة أداء أطول. بالإضافة إلى أحدث طرق الاختبار والتي تتم على القوالب والخزانات قبل الإنتاج وبعده: تصنع خزانات مياه الزامل من أربع طبقات ولكل طبقة منها دور هام مما يعطي الخزان أداء أطول ومواصفات أعلى.&lt;/p&gt;\r\n&lt;p&gt;&amp;nbsp;&lt;/p&gt;\r\n&lt;/div&gt;",
      "created_at": "1509028354",
      "duration": "44 minutes 8 seconds ",
      "visit_num": "0",
      "order": "0",
      "link_share": "http://robo-apps.comnews.php?ID=14",
      "more": [
        {
          "key": "keyvalue",
          "group_name": "Key Value Fields",
          "value": [
            {
              "id": "8",
              "parameter": "supervisor_comment",
              "value": "لوريم ايبسوم دولار سيت أميت ,ك",
              "dkv_id": "6",
              "title": "",
              "des": "",
              "setting_id": 3
            },
            {
              "id": "9",
              "parameter": "maintainable",
              "value": "4",
              "dkv_id": "7",
              "title": "",
              "des": "",
              "setting_id": 3
            },
            {
              "id": "10",
              "parameter": "in_warranty",
              "value": "6",
              "dkv_id": "8",
              "title": "",
              "des": "",
              "setting_id": 3
            },
            {
              "id": "11",
              "parameter": "warranty_period",
              "value": "10",
              "dkv_id": "9",
              "title": "",
              "des": "",
              "setting_id": 3
            },
            {
              "id": "12",
              "parameter": "delivery_date",
              "value": "13",
              "dkv_id": "11",
              "title": "",
              "des": "",
              "setting_id": 3
            },
            {
              "id": "13",
              "parameter": "important_notes",
              "value": "فينايم,كيواس نوستريد أكسير سيت",
              "dkv_id": "12",
              "title": "",
              "des": "",
              "setting_id": 3
            },
            {
              "id": "14",
              "parameter": "is_published",
              "value": "17",
              "dkv_id": "13",
              "title": "",
              "des": "",
              "setting_id": 3
            },
            {
              "id": "15",
              "parameter": "other_warranty_period",
              "value": "15",
              "dkv_id": "10",
              "title": "",
              "des": "",
              "setting_id": 3
            }
          ]
        },
        {
          "key": "extra",
          "group_name": "Extra Fields",
          "value": [
            {
              "parameter": "id",
              "value": "1"
            },
            {
              "parameter": "price",
              "value": "200.00"
            },
            {
              "parameter": "old_price",
              "value": "500.00"
            },
            {
              "parameter": "cost",
              "value": "150.00"
            },
            {
              "parameter": "free_shipping",
              "value": "0"
            },
            {
              "parameter": "shipping_fee",
              "value": "20.00"
            },
            {
              "parameter": "minimum_in_cart",
              "value": "1"
            },
            {
              "parameter": "maximum_in_cart",
              "value": "5"
            }
          ]
        }
      ],
      "media": [
        {
          "id": [],
          "image": "http://penta-test.com/tanks_project/uploads/050745e5-d336-491b-909a-66e3d5540396.jpg",
          "link": " ",
          "type": "Img"
        },
        {
          "id": [],
          "image": "http://penta-test.com/tanks_project/uploads/db2e1e2e-fac1-4346-aad3-f0b326a2a48d.jpg",
          "link": " ",
          "type": "Img"
        },
        {
          "id": [],
          "image": "http://penta-test.com/tanks_project/uploads/12b2a2b0-ab0f-4fce-bd32-9f0ea5df3e87.jpg",
          "link": " ",
          "type": "Img"
        },
        {
          "id": [],
          "image": "http://penta-test.com/tanks_project/uploads/a26826db-6ddc-4f77-8c1c-2116023fec69.jpg",
          "link": " ",
          "type": "Img"
        }
      ]
    }
  ]
}