{
  "status": {
    "code": 200,
    "message": null,
    "error_details": []
  },
  "content": [
    {
      "id": "387",
      "name": "لحم الماعز بدون عظم ",
      "description": "لحم الماعز بدون عظم ",
      "image": "uploads/112168ed-3b77-4c2d-bcee-1dff295d2e4e.jpg",
      "content": "لحم الماعز بدون عظم",
      "created_at": "1506865424",
      "duration": "1 days 1 hours ",
      "active": "0",
      "module_id": "20171",
      "visit_num": "0",
      "order": "0",
      "link_share": "http://robo-apps.comnews.php?ID=14",
      "more": [
        {
          "key" : "branch_id",
          "group_name" : "branches",
          "value" : [
            [
              {
                "parameter" : "id",
                "value" : "1"

              }, {
              "parameter" : "name",
              "value" : "أبها"
            },
              {
                "parameter" : "gps",
                "value" : "9847923875298,93857938457398"
              }
            ],
            [
              {
                "parameter" : "id",
                "value" : "1"

              }, {
              "parameter" : "name",
              "value" : "الرياض"
            },
              {
                "parameter" : "gps",
                "value" : "9346923875298,9385795564568"
              }
            ],
            [
              {
                "parameter" : "id",
                "value" : "1"

              }, {
              "parameter" : "name",
              "value" : "جدة"
            },
              {
                "parameter" : "gps",
                "value" : "352156352,651561651"
              }
            ]
          ]
        },
        {
          "key" : "extra",
          "group_name" : "Extra Fields",
          "value" : [
            {
              "parameter" : "price",
              "value" : "1500"

            }, {
              "parameter" : "percentage",
              "value" : "5%"
            },
            {
              "parameter" : "old_price",
              "value" : "2500"
            },
            {
              "parameter" : "cost",
              "value" : "600"
            },
            {
              "parameter" : "extra_fees",
              "value" : "900"
            }
          ]
        },
        {
          "key" : "keyvalue",
          "group_name" : "Key Value Fields",
          "value" : [
            {
              "id": "1292",
              "paramter": "Barcode",
              "value": "564654545",
              "dkv_id": "63",
              "setting_id": 3

            }, {
              "id": "1292",
              "paramter": "Barcode",
              "value": "564654545",
              "dkv_id": "63",
              "setting_id": 3
            },
            {
              "id": "1292",
              "paramter": "Barcode",
              "value": "564654545",
              "dkv_id": "63",
              "setting_id": 3
            },
            {
              "id": "1292",
              "paramter": "TestLangs",
              "value": "اختبار اللغات",
              "dkv_id": "63",
              "setting_id": 3
            }
          ]
        }
      ],
      "media": [
        {
          "id": [],
          "image": "uploads/d39277e7-94a1-48cf-84b1-df3b87c73603.jpg",
          "link": " ",
          "type": "Img"
        }
      ]
    }
  ]
}