{
  "status": {
    "code": 200,
    "message": "Depts loaded successfully",
    "error_details": []
  },
  "content": [
    {
      "id": "27",
      "name": "Arabian Company Profile",
      "parent": "0",
      "description": "Arabian Company Profile Arabian Company Profile Arabian Company Profile",
      "image": "http://penta-test.com/tanks_project/uploads/bdbd25b4-5160-4326-95c2-5a651e34dda0.png",
      "core_dept": "2",
      "content": "",
      "created_at": "2017-10-17 11:08:42",
      "duration": "",
      "langs": [],
      "module_id": "4",
      "visit_num": "",
      "order": "",
      "link_share": "",
      "sub": [],
      "parameter_filter": [],
      "more": [],
      "media": [],
      "cms": [
        {
          "id": "9",
          "name": "اعتمادات المصنع",
          "description": "اعتمادات المصنع",
          "image": "http://penta-test.com/tanks_project/uploads/650938d3-7fe7-4aee-94d3-44c89d264695.jpg",
          "content": "&lt;h4 style=\\&quot;box-sizing: border-box; font-family: \\'Helvetica Neue W23 for SKY Reg\\'; font-weight: 500; line-height: 1.1; color: #444444; margin-top: 10px; margin-bottom: 10px; font-size: 18px; text-align: center; direction: rtl;\\&quot;&gt;اعتمادات المصنع اعتمادات المصنع اعتمادات المصنع&lt;/h4&gt;",
          "created_at": "1508403030",
          "duration": "2 minutes 57 seconds ",
          "langs": [],
          "module_id": "4",
          "active": "1",
          "visit_num": "0",
          "order": "0",
          "link_share": "http://robo-apps.comnews.php?ID=14",
          "sub": [],
          "parameter_filter": [],
          "more": [],
          "media": []
        },
        {
          "id": "10",
          "name": "خزانات المياه",
          "description": "خزانات المياه",
          "image": "http://penta-test.com/tanks_project/uploads/ed6361b9-e00f-4a18-9415-0b4397128cec.jpg",
          "content": "&lt;h4&gt;خزانات المياه خزانات المياه خزانات المياه&lt;/h4&gt;",
          "created_at": "1508403130",
          "duration": "1 minutes 17 seconds ",
          "langs": [],
          "module_id": "4",
          "active": "1",
          "visit_num": "0",
          "order": "0",
          "link_share": "http://robo-apps.comnews.php?ID=14",
          "sub": [],
          "parameter_filter": [],
          "more": [],
          "media": []
        },
        {
          "id": "11",
          "name": "اعتمادات خزانات المياه",
          "description": "اعتمادات خزانات المياه",
          "image": "http://penta-test.com/tanks_project/uploads/ce25a430-a70d-4991-803d-e8912b639422.jpg",
          "content": "&lt;h4&gt;اعتمادات خزانات المياه اعتمادات خزانات المياه اعتمادات خزانات المياه&lt;/h4&gt;",
          "created_at": "1508403139",
          "duration": "1 minutes 8 seconds ",
          "langs": [],
          "module_id": "4",
          "active": "1",
          "visit_num": "0",
          "order": "0",
          "link_share": "http://robo-apps.comnews.php?ID=14",
          "sub": [],
          "parameter_filter": [],
          "more": [],
          "media": []
        },
        {
          "id": "12",
          "name": "خزانات الدفان",
          "description": "خزانات الدفان",
          "image": "http://penta-test.com/tanks_project/uploads/518227d0-9f80-4307-b435-ba6bc06e3daf.jpg",
          "content": "&lt;h4&gt;خزانات الدفان خزانات الدفان خزانات الدفان&lt;/h4&gt;",
          "created_at": "1508403152",
          "duration": "0 minutes 55 seconds ",
          "langs": [],
          "module_id": "4",
          "active": "1",
          "visit_num": "0",
          "order": "0",
          "link_share": "http://robo-apps.comnews.php?ID=14",
          "sub": [],
          "parameter_filter": [],
          "more": [],
          "media": []
        },
        {
          "id": "13",
          "name": "اعتمادات خزانات الدفان",
          "description": "اعتمادات خزانات الدفان",
          "image": "http://penta-test.com/tanks_project/uploads/4a015e7e-7f85-4b61-9706-dbc747f1eccb.jpg",
          "content": "&lt;h4&gt;اعتمادات خزانات الدفان اعتمادات خزانات الدفان اعتمادات خزانات الدفان&lt;/h4&gt;",
          "created_at": "1508403173",
          "duration": "0 minutes 34 seconds ",
          "langs": [],
          "module_id": "4",
          "active": "1",
          "visit_num": "0",
          "order": "0",
          "link_share": "http://robo-apps.comnews.php?ID=14",
          "sub": [],
          "parameter_filter": [],
          "more": [],
          "media": []
        }
      ]
    }
  ]
}