{
  "status": {
    "code": 200,
    "message": "Regions Loaded",
    "error_details": []
  },
  "content": [
    {
      "id": "1",
      "name": "المهندسين",
      "code": null,
      "city_id": "2",
      "application_id": null
    },
    {
      "id": "2",
      "name": "أسوان",
      "code": null,
      "city_id": "13",
      "application_id": null
    },
    {
      "id": "3",
      "name": "اسيوط",
      "code": null,
      "city_id": "14",
      "application_id": null
    },
    {
      "id": "4",
      "name": "الاسماعيلية",
      "code": null,
      "city_id": "4",
      "application_id": null
    },
    {
      "id": "5",
      "name": "الزقازيق",
      "code": null,
      "city_id": "5",
      "application_id": null
    },
    {
      "id": "6",
      "name": "الزيتون",
      "code": null,
      "city_id": "1",
      "application_id": null
    },
    {
      "id": "7",
      "name": "السيدة",
      "code": null,
      "city_id": "1",
      "application_id": null
    },
    {
      "id": "8",
      "name": "العجوزة",
      "code": null,
      "city_id": "1",
      "application_id": null
    },
    {
      "id": "9",
      "name": "المعادي",
      "code": null,
      "city_id": "1",
      "application_id": null
    },
    {
      "id": "10",
      "name": "المنصورة",
      "code": null,
      "city_id": "6",
      "application_id": null
    },
    {
      "id": "11",
      "name": "المنيا",
      "code": null,
      "city_id": "7",
      "application_id": null
    },
    {
      "id": "12",
      "name": "الهرم",
      "code": null,
      "city_id": "2",
      "application_id": null
    },
    {
      "id": "13",
      "name": "بنها",
      "code": null,
      "city_id": "8",
      "application_id": null
    },
    {
      "id": "14",
      "name": "دمنهور",
      "code": null,
      "city_id": "9",
      "application_id": null
    },
    {
      "id": "15",
      "name": "سيدي بشر",
      "code": null,
      "city_id": "3",
      "application_id": null
    },
    {
      "id": "16",
      "name": "شبرا",
      "code": null,
      "city_id": "1",
      "application_id": null
    },
    {
      "id": "17",
      "name": "شبين",
      "code": null,
      "city_id": "11",
      "application_id": null
    },
    {
      "id": "18",
      "name": "طنطا",
      "code": null,
      "city_id": "10",
      "application_id": null
    },
    {
      "id": "19",
      "name": "قنا",
      "code": null,
      "city_id": "12",
      "application_id": null
    },
    {
      "id": "20",
      "name": "مدينة نصر",
      "code": null,
      "city_id": "1",
      "application_id": null
    },
    {
      "id": "21",
      "name": "محرم بك",
      "code": null,
      "city_id": "3",
      "application_id": null
    },
    {
      "id": "22",
      "name": "مصر الجديدة",
      "code": null,
      "city_id": "1",
      "application_id": null
    },
    {
      "id": "26",
      "name": "Smouha",
      "code": null,
      "city_id": "17",
      "application_id": "593"
    },
    {
      "id": "27",
      "name": "Maadi",
      "code": null,
      "city_id": "16",
      "application_id": "593"
    },
    {
      "id": "28",
      "name": null,
      "code": null,
      "city_id": null,
      "application_id": "593"
    },
    {
      "id": "29",
      "name": null,
      "code": null,
      "city_id": null,
      "application_id": "593"
    }
  ]
}