{
  "status": {
    "code": 200,
    "message": "WishList Loaded",
    "error_details": []
  },
  "content": [
    {
      "id": "2",
      "name": "",
      "description": "",
      "image": "",
      "content": "",
      "created_at": "",
      "duration": "",
      "langs": [],
      "module_id": "1",
      "active": "",
      "visit_num": "",
      "order": "",
      "link_share": "",
      "sub": [],
      "parameter_filter": [],
      "more": {
        "address_id": "1",
        "updated_at": "1",
        "application_id": "1",
        "status": "1",
        "items": {
          "all": [
            {
              "id": "3",
              "order_id": "2",
              "item_type_id": "1",
              "item_id": "2",
              "date": "1508592044",
              "application_id": "1",
              "module_id": "1",
              "cost": "",
              "count": "1",
              "updated_at": "1508592044"
            }
          ],
          "cms": [
            {
              "id": "3",
              "order_id": "2",
              "item_type_id": "1",
              "item_id": "2",
              "date": "1508592044",
              "application_id": "1",
              "module_id": "1",
              "cost": "",
              "count": "1",
              "updated_at": "1508592044",
              "item_details": {
                "id": "2",
                "name": "من نحن",
                "description": "شركة تجارية تعمل في مجال تجارة مواد البناء مثل الحديد والاسمنت وخزانات المياه و العزل المائي والحراري. تنتج خيارات واسعة من الخزانات وبسعات تصل إلى 100,000 لتر ومن خلال نظام الوحدات المجزأة والتي يمكن تصميمها لتكون فوق الأرض أو مدفونة تحت الأرض  شركة تجار",
                "image": "http://penta-test.com/tanks_project/uploads/7b9b30dd-0bef-438d-b4c6-4b4a62abc6c5.jpg",
                "content": "&lt;p&gt;شركة تجارية تعمل في مجال تجارة مواد البناء مثل الحديد والاسمنت وخزانات المياه و العزل المائي والحراري. تنتج خيارات واسعة من الخزانات وبسعات تصل إلى 100,000 لتر ومن خلال نظام الوحدات المجزأة والتي يمكن تصميمها لتكون فوق الأرض أو مدفونة تحت الأرض&lt;/p&gt;\r\n&lt;p&gt;شركة تجارية تعمل في مجال تجارة مواد البناء مثل الحديد والاسمنت وخزانات المياه و العزل المائي والحراري. تنتج خيارات واسعة من الخزانات وبسعات تصل إلى 100,000 لتر ومن خلال نظام الوحدات المجزأة والتي يمكن تصميمها لتكون فوق الأرض أو مدفونة تحت الأرض&lt;/p&gt;",
                "created_at": "1508407237",
                "duration": "2 days 23 hours ",
                "langs": [],
                "module_id": "2",
                "active": "1",
                "visit_num": "0",
                "order": "0",
                "link_share": "http://robo-apps.comnews.php?ID=14",
                "sub": [],
                "parameter_filter": [],
                "more": [],
                "media": [
                  {
                    "id": [],
                    "image": "http://penta-test.com/tanks_project/uploads/ec5019f9-dcb8-4115-864b-d4956cf6fd49.jpg",
                    "link": " ",
                    "type": "Img"
                  },
                  {
                    "id": [],
                    "image": "http://penta-test.com/tanks_project/uploads/93adc3b0-eeec-4ad1-889c-c4aaabfb3da5.jpg",
                    "link": " ",
                    "type": "Img"
                  },
                  {
                    "id": [],
                    "image": "http://penta-test.com/tanks_project/uploads/d85781ed-c7a4-4d28-9d3c-6d2319d6725a.png",
                    "link": " ",
                    "type": "Img"
                  },
                  {
                    "id": [],
                    "image": "http://penta-test.com/tanks_project/uploads/ ",
                    "link": "https://www.youtube.com/watch?v=EJz5KSQTntM",
                    "type": "Video"
                  },
                  {
                    "id": [],
                    "image": "http://penta-test.com/tanks_project/uploads/ ",
                    "link": "https://www.youtube.com/watch?v=zzFI6sEICEE",
                    "type": "Video"
                  },
                  {
                    "id": [],
                    "image": "http://penta-test.com/tanks_project/uploads/ ",
                    "link": "https://www.youtube.com/watch?v=qjsMb34Tg6o",
                    "type": "Video"
                  }
                ]
              }
            }
          ],
          "offers": []
        },
        "user": {
          "ID": "1",
          "Title": "admin",
          "User": "admin",
          "Mobile": null,
          "Pass": "$2y$08$azQyaUZveU9hMWpzQkkxTOJeLxu8A3RyLTSMbpFGqBuXATGP2Gtem",
          "Img": "user_img/noprofile.jpg",
          "Gender": "0",
          "Access_Token": "",
          "Social_Avatar": "",
          "Login_Type": "0",
          "Mail": "admin@admin.com",
          "City_ID,": "0",
          "Social_ID": "",
          "Social_Type": "",
          "Join_Date": "1508082508",
          "Application_ID": "1",
          "Module_ID": "20002",
          "Active": "1",
          "Type": "0",
          "is_admin": "1"
        }
      },
      "media": []
    }
  ]
}